<c3p0-config>
  <default-config>
    <property name="idleConnectionTestPeriod">300</property>
    <property name="initialPoolSize">5</property>
    <property name="maxIdleTimeExcessConnections">3600</property>
    <property name="maxPoolSize">30</property>
    <property name="minPoolSize">10</property>
    <property name="maxStatements">900</property>
    <property name="maxStatementsPerConnection">30</property>
    <property name="statementCacheNumDeferredCloseThreads">1</property>
    <property name="unreturnedConnectionTimeout">7200</property>
    <property name="preferredTestQuery">SELECT 1</property>
    <!-- <property name="automaticTestTable">con_test</property> -->
    <!-- <property name="checkoutTimeout">30000</property> -->
    <!-- <property name="idleConnectionTestPeriod">30</property> -->
    <!-- <property name="initialPoolSize">10</property> -->
    <!-- <property name="maxIdleTime">30</property> -->
    <!-- <property name="maxIdleTimeExcessConnections">10</property> -->
    <!-- <property name="maxConnectionAge">60</property> -->
    <!-- <property name="propertyCycle">1</property> -->
    <!-- <property name="maxPoolSize">25</property> -->
    <!-- <property name="minPoolSize">5</property> -->
    <!-- <property name="maxStatements">0</property> -->
    <!-- <property name="maxStatementsPerConnection">5</property> -->
    <!-- <property name="maxAdministrativeTaskTime">4</property> -->
    <!-- <property name="connectionCustomizerClassName">com.mchange.v2.c3p0.test.TestConnectionCustomizer</property> -->
    <!-- <property name="unreturnedConnectionTimeout">15</property> -->
    <!-- <property name="debugUnreturnedConnectionStackTraces">true</property> -->

    <!--
    <user-overrides user="swaldman">
      <property name="debugUnreturnedConnectionStackTraces">true</property>
    </user-overrides>
    -->

  </default-config>


  <named-config name="DBDomain">
    <property name="initialPoolSize">5</property> 
    <property name="maxPoolSize">50</property> 
    <property name="minPoolSize">10</property> 
    <property name="maxStatements">600</property> 
    <property name="maxStatementsPerConnection">20</property>
    <property name="maxIdleTimeExcessConnections">3600</property>
    <property name="unreturnedConnectionTimeout">7200</property>
    <property name="idleConnectionTestPeriod">300</property> 
    <property name="preferredTestQuery">SELECT 1</property>
    <property name="TestConnectionOnCheckin">true</property> 
    <property name="debugUnreturnedConnectionStackTraces">true</property>
    <!--property name="com.mchange.v2.log.MLog">com.mchange.v2.log.FallbackMLog</property-->
    <!--property name="com.mchange.v2.log.FallbackMLog.DEFAULT_CUTOFF_LEVEL">FINE</property-->
   </named-config>
  
  <named-config name="TMFDomain">
    <property name="idleConnectionTestPeriod">300</property>
    <property name="initialPoolSize">5</property>
    <property name="maxIdleTimeExcessConnections">3600</property>
    <property name="maxPoolSize">128</property>
    <property name="minPoolSize">10</property>
    <property name="maxStatements">1500</property>
    <property name="maxStatementsPerConnection">50</property>
    <property name="unreturnedConnectionTimeout">28800</property>
    <property name="preferredTestQuery">SELECT 1</property>
    <property name="TestConnectionOnCheckin">true</property>
    <property name="debugUnreturnedConnectionStackTraces">true</property>
    <!--property name="com.mchange.v2.log.MLog">com.mchange.v2.log.FallbackMLog</property-->
    <!--property name="com.mchange.v2.log.FallbackMLog.DEFAULT_CUTOFF_LEVEL">FINE</property-->
	
   </named-config>

  
  <named-config name="PerformanceDomain">
    <property name="idleConnectionTestPeriod">300</property>
    <property name="initialPoolSize">5</property>
    <property name="maxIdleTimeExcessConnections">3600</property>
    <property name="maxPoolSize">20</property>
    <property name="minPoolSize">10</property>
    <property name="maxStatements">400</property>
    <property name="maxStatementsPerConnection">20</property>
    <!--property name="unreturnedConnectionTimeout">600</property-->
    <property name="preferredTestQuery">SELECT 1</property>
    <property name="TestConnectionOnCheckin">true</property>
   </named-config>



</c3p0-config>
